{
  "MAE": 5791.893248119754,
  "RMSE": 8182.51204436601,
  "R2": 0.664570781564447,
  "n_train": 281608,
  "n_test": 70402
}