model,MAE,RMSE,R2,n_train,n_test
baseline,5791.893248119754,8182.51204436601,0.664570781564447,281608,70402
gb,4572.174895700796,6746.277578763801,0.7719888963512288,281608,70402
