{
  "MAE": 4572.174895700796,
  "RMSE": 6746.277578763801,
  "R2": 0.7719888963512288,
  "n_train": 281608,
  "n_test": 70402
}